target,forecast_mm,actual_mm,gap_pp,actual_yy,telecom_flag
2025-09,0.3323,0.5238,0.1915,2.1020,통신요금 할인 종료 반등(실제)
2025-10,0.0446,0.3075,0.2629,2.3803,
2025-11,-0.2795,-0.1874,0.0921,2.4476,
2025-12,0.1732,0.3157,0.1425,2.3149,
2026-01,0.5232,0.3913,-0.1319,2.0050,
2026-02,0.4140,0.3135,-0.1005,1.9986,
2026-03,0.0560,0.3378,0.2818,2.1584,
2026-04,0.1350,0.4798,0.3448,2.5692,
2026-05,0.1332,0.4608,0.3276,3.1392,
2026-06,0.0169,0.0584,0.0415,3.1640,
2026-07,0.0639,-0.1833,-0.2472,2.7892,
2026-08,0.4094,0.2338,-0.1756,3.0915,8월 시즈널 표본에 2025-08 할인 포함(전망)
