series,candidate,level_annual,window_annual,monthly_diff
kr-cpi-headline,"최근 12개월 y-y (2026-08)",3.0915,2.2784,0.0678
kr-cpi-headline,"최근 12개월 y-y (2026-07, 통신 기저 이전)",2.7892,2.2784,0.0426
kr-cpi-headline,"통신 기저 제외 y-y (2026-08, 2025-08 정상화)",2.5562,2.2784,0.0232
kr-cpi-headline,"6개월 m-m 연율 (NSA 원계열)",2.8066,2.2784,0.0440
kr-cpi-headline,"6개월 계절조정 근사 연율 (창 평균 + 시즈널 대비 초과)",3.3199,2.2784,0.0868
kr-cpi-core,"최근 12개월 y-y (2026-08)",3.3676,1.8786,0.1241
kr-cpi-core,"최근 12개월 y-y (2026-07, 통신 기저 이전)",2.6086,1.8786,0.0608
kr-cpi-core,"통신 기저 제외 y-y (2026-08, 2025-08 정상화)",2.5976,1.8786,0.0599
kr-cpi-core,"6개월 m-m 연율 (NSA 원계열)",3.1055,1.8786,0.1022
kr-cpi-core,"6개월 계절조정 근사 연율 (창 평균 + 시즈널 대비 초과)",3.0424,1.8786,0.0970
kr-cpi-lifecost,"최근 12개월 y-y (2026-08)",3.2356,2.5760,0.0550
kr-cpi-lifecost,"최근 12개월 y-y (2026-07, 통신 기저 이전)",2.5499,2.5760,-0.0022
kr-cpi-lifecost,"통신 기저 제외 y-y (2026-08, 2025-08 정상화)",2.1854,2.5760,-0.0325
kr-cpi-lifecost,"6개월 m-m 연율 (NSA 원계열)",1.7028,2.5760,-0.0728
kr-cpi-lifecost,"6개월 계절조정 근사 연율 (창 평균 + 시즈널 대비 초과)",2.7505,2.5760,0.0145
