target,forecast_mm,actual_mm,gap_pp,yy_prev,window_annual,x,excluded_2025_08_09
2011-01,0.3924,0.4963,0.1039,1.6629,2.6742,-0.0843,0
2011-02,0.3061,0.3948,0.0887,1.9145,2.6347,-0.0600,0
2011-03,0.6903,0.2958,-0.3945,2.1109,2.6350,-0.0437,0
2011-04,0.1716,0.1955,0.0239,2.4130,2.5962,-0.0153,0
2011-05,0.1883,0.3925,0.2042,2.5099,2.5866,-0.0064,0
2011-06,0.0642,0.1943,0.1302,2.7057,2.6067,0.0083,0
2011-07,0.1403,0.1951,0.0548,2.8033,2.6162,0.0156,0
2011-08,0.1144,0.1947,0.0803,2.7965,2.6456,0.0126,0
2011-09,0.1586,-0.0972,-0.2558,2.7909,2.6456,0.0121,0
2011-10,0.0564,0.0000,-0.0564,2.5897,2.6166,-0.0022,0
2011-11,0.1121,0.1934,0.0813,2.5897,2.6166,-0.0022,0
2011-12,0.2794,0.1942,-0.0852,2.7881,2.6266,0.0135,0
2012-01,0.3529,0.2321,-0.1208,2.6803,2.6171,0.0053,0
2012-02,0.3064,0.3867,0.0803,2.4104,2.6018,-0.0160,0
2012-03,0.6516,-0.2978,-0.9495,2.4021,2.6119,-0.0175,0
2012-04,0.1620,-0.0292,-0.1912,1.7959,2.4965,-0.0584,0
2012-05,0.2083,0.2988,0.0905,1.5677,2.4464,-0.0732,0
2012-06,0.0737,0.1064,0.0327,1.4729,2.4575,-0.0820,0
2012-07,0.1697,0.0090,-0.1608,1.3838,2.4681,-0.0904,0
2012-08,0.1144,0.1633,0.0489,1.1955,2.4596,-0.1053,0
2012-09,0.1297,0.0961,-0.0336,1.1638,2.4573,-0.1078,0
2012-10,0.0564,0.0480,-0.0084,1.3594,2.4388,-0.0899,0
2012-11,0.1220,0.1528,0.0308,1.4081,2.4156,-0.0840,0
2012-12,0.2699,0.1526,-0.1173,1.3670,2.4124,-0.0871,0
2013-01,0.3376,0.4014,0.0638,1.3249,2.3997,-0.0896,0
2013-02,0.3165,0.2569,-0.0595,1.4960,2.4029,-0.0756,0
2013-03,0.5363,-0.1425,-0.6787,1.3649,2.4010,-0.0863,0
2013-04,0.1118,-0.0664,-0.1782,1.5228,2.2857,-0.0636,0
2013-05,0.2194,0.3797,0.1603,1.4851,2.2516,-0.0639,0
2013-06,0.0844,0.0573,-0.0270,1.5669,2.2806,-0.0595,0
2013-07,0.1612,0.0187,-0.1424,1.5171,2.2772,-0.0633,0
2013-08,0.1122,-0.0474,-0.1596,1.5270,2.2882,-0.0634,0
2013-09,0.1111,0.3032,0.1920,1.3135,2.2743,-0.0801,0
2013-10,0.0332,0.1132,0.0800,1.5231,2.2775,-0.0629,0
2013-11,0.1189,0.2536,0.1347,1.5893,2.2889,-0.0583,0
2013-12,0.2573,0.0668,-0.1905,1.6915,2.3232,-0.0526,0
2014-01,0.3407,0.2812,-0.0595,1.6044,2.2756,-0.0559,0
2014-02,0.3146,0.1691,-0.1454,1.4829,2.2767,-0.0662,0
2014-03,0.4209,0.1950,-0.2259,1.3940,2.2847,-0.0742,0
2014-04,0.0778,0.1413,0.0636,1.7367,2.2236,-0.0406,0
2014-05,0.2484,0.2421,-0.0062,1.9482,2.2288,-0.0234,0
2014-06,0.0810,-0.0368,-0.1178,1.8085,2.2442,-0.0363,0
2014-07,0.1722,0.1853,0.0131,1.7126,2.2317,-0.0433,0
2014-08,0.0983,0.1395,0.0412,1.8820,2.2147,-0.0277,0
2014-09,0.1143,-0.0918,-0.2061,2.0725,2.2198,-0.0123,0
2014-10,0.0445,0.0551,0.0106,1.6706,2.2106,-0.0450,0
2014-11,0.1532,-0.0184,-0.1716,1.6116,2.2161,-0.0504,0
2014-12,0.2097,0.1297,-0.0800,1.3360,2.2232,-0.0739,0
2015-01,0.3418,1.3188,0.9770,1.3996,2.2006,-0.0668,0
2015-02,0.3226,0.1204,-0.2022,2.4488,2.2532,0.0163,0
2015-03,0.3599,0.1511,-0.2088,2.3989,2.2452,0.0128,0
2015-04,0.0830,0.0606,-0.0224,2.3540,2.2100,0.0120,0
2015-05,0.2638,0.2006,-0.0631,2.2714,2.2059,0.0055,0
2015-06,0.0685,-0.0403,-0.1087,2.2291,2.2260,0.0003,0
2015-07,0.1552,0.4611,0.3058,2.2256,2.2219,0.0003,0
2015-08,0.1034,0.1994,0.0960,2.5070,2.2680,0.0199,0
2015-09,0.1052,-0.2285,-0.3337,2.5683,2.2680,0.0250,0
2015-10,0.0500,0.0992,0.0492,2.4280,2.2452,0.0152,0
2015-11,0.1603,0.0601,-0.1002,2.4731,2.2551,0.0182,0
2015-12,0.1872,0.2192,0.0320,2.5535,2.2510,0.0252,0
2016-01,0.3944,0.4668,0.0725,2.6452,2.2532,0.0327,0
2016-02,0.3146,0.2376,-0.0771,1.7820,2.2800,-0.0415,0
2016-03,0.3246,0.1284,-0.1962,1.9012,2.2739,-0.0311,0
2016-04,0.0788,0.1773,0.0984,1.8781,2.2176,-0.0283,0
2016-05,0.2838,0.2363,-0.0476,1.9969,2.2254,-0.0190,0
2016-06,0.0645,0.0197,-0.0447,2.0332,2.2194,-0.0155,0
2016-07,0.2013,0.2159,0.0146,2.0944,2.2314,-0.0114,0
2016-08,0.1033,0.1854,0.0821,1.8453,2.2333,-0.0323,0
2016-09,0.0823,-0.0682,-0.1506,1.8311,2.2518,-0.0351,0
2016-10,0.0599,-0.0393,-0.0993,1.9947,2.2253,-0.0192,0
2016-11,0.1562,-0.0973,-0.2535,1.8535,2.2214,-0.0307,0
2016-12,0.1893,0.1274,-0.0618,1.6933,2.1921,-0.0416,0
2017-01,0.4212,0.6157,0.1946,1.6002,2.1951,-0.0496,0
2017-02,0.3086,0.2623,-0.0463,1.7508,2.2275,-0.0397,0
2017-03,0.2683,0.0195,-0.2488,1.7759,2.2052,-0.0358,0
2017-04,0.0867,0.0974,0.0108,1.6652,2.1298,-0.0387,0
2017-05,0.2778,0.1937,-0.0842,1.5842,2.1204,-0.0447,0
2017-06,0.0764,-0.0583,-0.1347,1.5410,2.1303,-0.0491,0
2017-07,0.2032,0.2609,0.0577,1.4618,2.1244,-0.0552,0
2017-08,0.1219,0.1449,0.0231,1.5073,2.1313,-0.0520,0
2017-09,0.0558,-0.1641,-0.2199,1.4663,2.1363,-0.0558,0
2017-10,0.0560,0.1837,0.1277,1.3690,2.1199,-0.0626,0
2017-11,0.1270,-0.3464,-0.4734,1.5952,2.1191,-0.0437,0
2017-12,0.1922,0.1636,-0.0286,1.3418,2.0752,-0.0611,0
2018-01,0.4536,0.2317,-0.2219,1.3784,2.0725,-0.0578,0
2018-02,0.2862,0.4237,0.1374,0.9915,2.0481,-0.0881,0
2018-03,0.1929,0.2018,0.0089,1.1540,2.0528,-0.0749,0
2018-04,0.0773,0.1913,0.1140,1.3384,1.9601,-0.0518,0
2018-05,0.2877,0.1424,-0.1453,1.4334,1.9606,-0.0439,0
2018-06,0.0706,-0.1806,-0.2511,1.3816,1.9378,-0.0463,0
2018-07,0.2101,0.0091,-0.2010,1.2576,1.9012,-0.0536,0
2018-08,0.1269,0.1718,0.0449,1.0032,1.8558,-0.0710,0
2018-09,0.0394,-0.0757,-0.1151,1.0303,1.8730,-0.0702,0
2018-10,0.0552,0.0757,0.0205,1.1198,1.8287,-0.0591,0
2018-11,0.0830,-0.1231,-0.2061,1.0107,1.8271,-0.0680,0
2018-12,0.1896,-0.0192,-0.2088,1.2372,1.7782,-0.0451,0
2019-01,0.4292,0.2293,-0.1999,1.0524,1.7399,-0.0573,0
2019-02,0.2909,0.4757,0.1848,1.0500,1.7628,-0.0594,0
2019-03,0.1002,-0.1515,-0.2517,1.1023,1.7648,-0.0552,0
2019-04,0.0778,0.1517,0.0739,0.7459,1.7046,-0.0799,0
2019-05,0.2648,0.0100,-0.2548,0.7061,1.7288,-0.0852,0
2019-06,0.0340,-0.0672,-0.1012,0.5729,1.6937,-0.0934,0
2019-07,0.1647,0.1997,0.0350,0.6872,1.6690,-0.0818,0
2019-08,0.1441,0.1322,-0.0119,0.8791,1.6800,-0.0667,0
2019-09,-0.0049,-0.4351,-0.4303,0.8392,1.6843,-0.0704,0
2019-10,0.0536,0.2281,0.1745,0.4765,1.6230,-0.0955,0
2019-11,0.0342,-0.2275,-0.2617,0.6294,1.6458,-0.0847,0
2019-12,0.1513,0.0864,-0.0649,0.5242,1.5963,-0.0893,0
2020-01,0.4521,0.2208,-0.2313,0.6303,1.5870,-0.0797,0
2020-02,0.2929,0.2304,-0.0625,0.6218,1.5843,-0.0802,0
2020-03,0.0400,-0.3198,-0.3598,0.3761,1.5872,-0.1009,0
2020-04,0.1020,0.0401,-0.0619,0.2069,1.5552,-0.1124,0
2020-05,0.2297,0.1403,-0.0894,0.0953,1.5491,-0.1212,0
2020-06,0.0094,0.0901,0.0807,0.2257,1.5430,-0.1098,0
2020-07,0.1757,0.1500,-0.0257,0.3834,1.5421,-0.0966,0
2020-08,0.1484,0.1897,0.0413,0.3335,1.5370,-0.1003,0
2020-09,-0.0663,-0.1993,-0.1330,0.3911,1.5359,-0.0954,0
2020-10,0.0764,-0.6589,-0.7353,0.6289,1.5061,-0.0731,0
2020-11,-0.0153,0.6633,0.6786,-0.2616,1.4402,-0.1418,0
2020-12,0.1420,0.0998,-0.0422,0.6289,1.5065,-0.0731,0
2021-01,0.4494,0.2992,-0.1502,0.6424,1.4866,-0.0703,0
2021-02,0.2957,0.1392,-0.1565,0.7212,1.4669,-0.0621,0
2021-03,0.0080,0.1192,0.1112,0.6296,1.4413,-0.0676,0
2021-04,0.0960,0.1885,0.0925,1.0727,1.4237,-0.0292,0
2021-05,0.2236,0.1089,-0.1147,1.2226,1.4230,-0.0167,0
2021-06,0.0085,0.0198,0.0113,1.1908,1.3946,-0.0170,0
2021-07,0.1705,0.3065,0.1360,1.1198,1.3771,-0.0214,0
2021-08,0.1474,0.2464,0.0991,1.2778,1.3883,-0.0092,0
2021-09,-0.0961,-0.1180,-0.0219,1.3352,1.3935,-0.0049,0
2021-10,0.0105,0.2461,0.2356,1.4177,1.3914,0.0022,0
2021-11,0.0510,0.2259,0.1748,2.3417,1.4160,0.0771,0
2021-12,0.1220,0.4409,0.3189,1.8970,1.4192,0.0398,0
2022-01,0.4297,0.6438,0.2141,2.2442,1.4439,0.0667,0
2022-02,0.2702,0.4071,0.1369,2.5955,1.4851,0.0925,0
2022-03,-0.0097,0.0869,0.0965,2.8699,1.4871,0.1152,0
2022-04,0.0953,0.3569,0.2616,2.8367,1.5256,0.1093,0
2022-05,0.1953,0.4998,0.3045,3.0096,1.5642,0.1204,0
2022-06,-0.0090,0.4973,0.5063,3.4118,1.5843,0.1523,0
2022-07,0.1816,0.4092,0.2276,3.9055,1.6234,0.1902,0
2022-08,0.1525,0.3033,0.1507,4.0118,1.6634,0.1957,0
2022-09,-0.0981,-0.1323,-0.0341,4.0708,1.6774,0.1994,0
2022-10,0.0351,0.3784,0.3433,4.0559,1.6546,0.2001,0
2022-11,0.0543,0.2356,0.1813,4.1933,1.6876,0.2088,0
2022-12,0.1467,0.2821,0.1354,4.2034,1.6959,0.2090,0
2023-01,0.4709,0.6001,0.1292,4.0386,1.7089,0.1941,0
2023-02,0.2722,0.2889,0.0167,3.9934,1.7287,0.1887,0
2023-03,0.0288,0.1952,0.1664,3.8710,1.7319,0.1783,0
2023-04,0.1339,0.2875,0.1537,3.9834,1.7657,0.1848,0
2023-05,0.2154,0.3607,0.1453,3.9116,1.8011,0.1759,0
2023-06,0.0301,0.0922,0.0621,3.7678,1.7992,0.1641,0
2023-07,0.2216,0.2762,0.0546,3.3495,1.8027,0.1289,0
2023-08,0.1665,0.2295,0.0630,3.2127,1.8284,0.1154,0
2023-09,-0.1210,-0.1283,-0.0073,3.1368,1.8561,0.1067,0
2023-10,0.0681,0.3486,0.2804,3.1410,1.8130,0.1107,0
2023-11,0.0626,0.0000,-0.0626,3.1103,1.8365,0.1061,0
2023-12,0.1597,0.1828,0.0231,2.8679,1.8111,0.0881,0
2024-01,0.4908,0.3741,-0.1167,2.7661,1.8227,0.0786,0
2024-02,0.2754,0.3000,0.0245,2.5352,1.8320,0.0586,0
2024-03,0.0626,0.0725,0.0099,2.5465,1.8451,0.0584,0
2024-04,0.1693,0.2174,0.0481,2.4209,1.8329,0.0490,0
2024-05,0.2135,0.2259,0.0124,2.3492,1.8405,0.0424,0
2024-06,0.0336,0.0361,0.0025,2.2118,1.8388,0.0311,0
2024-07,0.2474,0.2884,0.0410,2.1545,1.8461,0.0257,0
2024-08,0.1942,0.1168,-0.0774,2.1669,1.8564,0.0259,0
2024-09,-0.1641,-0.1975,-0.0334,2.0520,1.8542,0.0165,0
2024-10,0.0917,0.1889,0.0972,1.9813,1.8436,0.0115,0
2024-11,0.0372,0.0449,0.0077,1.8190,1.8570,-0.0032,0
2024-12,0.1713,0.1346,-0.0367,1.8647,1.8633,0.0001,0
2025-01,0.5000,0.4929,-0.0072,1.8157,1.8638,-0.0040,0
2025-02,0.2885,0.1338,-0.1548,1.9362,1.7812,0.0129,0
2025-03,0.0503,0.2048,0.1545,1.7673,1.7825,-0.0013,0
2025-04,0.1769,0.3644,0.1875,1.9018,1.7879,0.0095,0
2025-05,0.2119,0.1505,-0.0613,2.0513,1.8183,0.0194,0
2025-06,0.0409,0.0619,0.0210,1.9746,1.8133,0.0134,0
2025-07,0.2577,0.2651,0.0074,2.0009,1.8235,0.0148,0
2025-08,0.1920,-0.5552,-0.7472,1.9772,1.8039,0.0144,1
2025-09,-0.1747,0.4608,0.6355,1.2926,1.7284,-0.0363,1
2025-10,0.1050,0.3793,0.2743,1.9608,1.7974,0.0136,0
2025-11,0.0435,-0.1318,-0.1754,2.1546,1.8254,0.0274,0
2025-12,0.1718,0.1672,-0.0046,1.9742,1.8062,0.0140,0
2026-01,0.4175,0.5095,0.0921,2.0073,1.8010,0.0172,0
2026-02,0.2899,0.4021,0.1122,2.0243,1.8053,0.0182,0
2026-03,0.0557,0.0958,0.0401,2.2976,1.8217,0.0397,0
2026-04,0.2072,0.3479,0.1407,2.1863,1.8185,0.0307,0
2026-05,0.2069,0.5114,0.3045,2.1695,1.8355,0.0278,0
2026-06,0.0511,0.0086,-0.0425,2.5376,1.8630,0.0562,0
2026-07,0.2381,0.3880,0.1499,2.4830,1.8619,0.0518,0
2026-08,0.1165,0.1804,0.0639,2.6086,1.8791,0.0608,0
